ID,Username,Name,Role,Group,Password_Hash,Default_Password_Note
1,u1,用户1,feedbacker,,$2b$12$Dn3mn4iFcgXeyn1sR.uShuKJDGUqjGfz5ak/TY.JvEl9skmNvJ5pG,123456 (Default)
2,admin,管理,admin,,$2b$12$Dn3mn4iFcgXeyn1sR.uShuKJDGUqjGfz5ak/TY.JvEl9skmNvJ5pG,123456 (Default)
3,user_cQVUAQNh_0,黄阳,feedbacker,市场部,$2b$12$aas8q9WlveKAB/BjKjd3ie04UXMaxdaNRwrGVcJ2ziYqs5YXoWnvS,123456 (Default)
4,user_kJgLzXxj_1,茹婷,feedbacker,运营部,$2b$12$aas8q9WlveKAB/BjKjd3ie04UXMaxdaNRwrGVcJ2ziYqs5YXoWnvS,123456 (Default)
5,user_cxZbWyEw_2,陈欢,feedbacker,市场部,$2b$12$aas8q9WlveKAB/BjKjd3ie04UXMaxdaNRwrGVcJ2ziYqs5YXoWnvS,123456 (Default)
6,user_HgZVPDa_3,黄璐,feedbacker,运营部,$2b$12$aas8q9WlveKAB/BjKjd3ie04UXMaxdaNRwrGVcJ2ziYqs5YXoWnvS,123456 (Default)
7,user_lppOO_4,黄芳,feedbacker,人事部,$2b$12$aas8q9WlveKAB/BjKjd3ie04UXMaxdaNRwrGVcJ2ziYqs5YXoWnvS,123456 (Default)
8,user_lDLszZA_5,周红梅,feedbacker,人事部,$2b$12$aas8q9WlveKAB/BjKjd3ie04UXMaxdaNRwrGVcJ2ziYqs5YXoWnvS,123456 (Default)
9,user_KrrdbD_6,朱静,feedbacker,市场部,$2b$12$aas8q9WlveKAB/BjKjd3ie04UXMaxdaNRwrGVcJ2ziYqs5YXoWnvS,123456 (Default)
10,user_YNxLp_7,张春梅,feedbacker,运营部,$2b$12$aas8q9WlveKAB/BjKjd3ie04UXMaxdaNRwrGVcJ2ziYqs5YXoWnvS,123456 (Default)
11,user_ICQFLLW_8,张秀芳,feedbacker,人事部,$2b$12$aas8q9WlveKAB/BjKjd3ie04UXMaxdaNRwrGVcJ2ziYqs5YXoWnvS,123456 (Default)
12,user_LNhKMz_9,徐飞,feedbacker,人事部,$2b$12$aas8q9WlveKAB/BjKjd3ie04UXMaxdaNRwrGVcJ2ziYqs5YXoWnvS,123456 (Default)
13,user_XKMZM_10,潘强,feedbacker,运营部,$2b$12$aas8q9WlveKAB/BjKjd3ie04UXMaxdaNRwrGVcJ2ziYqs5YXoWnvS,123456 (Default)
14,user_pFpYM_11,朱雪梅,feedbacker,运营部,$2b$12$aas8q9WlveKAB/BjKjd3ie04UXMaxdaNRwrGVcJ2ziYqs5YXoWnvS,123456 (Default)
15,user_ZrFXQTyW_12,林楠,feedbacker,运营部,$2b$12$aas8q9WlveKAB/BjKjd3ie04UXMaxdaNRwrGVcJ2ziYqs5YXoWnvS,123456 (Default)
16,user_NwJdGhzo_13,陈晨,feedbacker,运营部,$2b$12$aas8q9WlveKAB/BjKjd3ie04UXMaxdaNRwrGVcJ2ziYqs5YXoWnvS,123456 (Default)
17,user_rCPZULCZ_14,冯博,feedbacker,运营部,$2b$12$aas8q9WlveKAB/BjKjd3ie04UXMaxdaNRwrGVcJ2ziYqs5YXoWnvS,123456 (Default)
18,user_VCbHvFv_15,朱强,feedbacker,研发部,$2b$12$aas8q9WlveKAB/BjKjd3ie04UXMaxdaNRwrGVcJ2ziYqs5YXoWnvS,123456 (Default)
19,user_uwCfAP_16,曹桂兰,feedbacker,市场部,$2b$12$aas8q9WlveKAB/BjKjd3ie04UXMaxdaNRwrGVcJ2ziYqs5YXoWnvS,123456 (Default)
20,user_lUiaj_17,钱玉珍,feedbacker,运营部,$2b$12$aas8q9WlveKAB/BjKjd3ie04UXMaxdaNRwrGVcJ2ziYqs5YXoWnvS,123456 (Default)
21,user_iGbbyWvC_18,姜龙,feedbacker,运营部,$2b$12$aas8q9WlveKAB/BjKjd3ie04UXMaxdaNRwrGVcJ2ziYqs5YXoWnvS,123456 (Default)
22,user_KGMdOHLT_19,黄丽丽,feedbacker,运营部,$2b$12$aas8q9WlveKAB/BjKjd3ie04UXMaxdaNRwrGVcJ2ziYqs5YXoWnvS,123456 (Default)
23,user_PnwSB_20,徐建国,feedbacker,人事部,$2b$12$aas8q9WlveKAB/BjKjd3ie04UXMaxdaNRwrGVcJ2ziYqs5YXoWnvS,123456 (Default)
24,user_HQlXIu_21,徐兵,feedbacker,研发部,$2b$12$aas8q9WlveKAB/BjKjd3ie04UXMaxdaNRwrGVcJ2ziYqs5YXoWnvS,123456 (Default)
25,user_zXUuN_22,刘桂兰,feedbacker,研发部,$2b$12$aas8q9WlveKAB/BjKjd3ie04UXMaxdaNRwrGVcJ2ziYqs5YXoWnvS,123456 (Default)
26,user_pooAi_23,姚秀英,feedbacker,市场部,$2b$12$aas8q9WlveKAB/BjKjd3ie04UXMaxdaNRwrGVcJ2ziYqs5YXoWnvS,123456 (Default)
27,user_LVyWq_24,姚秀荣,feedbacker,研发部,$2b$12$aas8q9WlveKAB/BjKjd3ie04UXMaxdaNRwrGVcJ2ziYqs5YXoWnvS,123456 (Default)
28,user_utkvnU_25,赵娜,feedbacker,人事部,$2b$12$aas8q9WlveKAB/BjKjd3ie04UXMaxdaNRwrGVcJ2ziYqs5YXoWnvS,123456 (Default)
29,user_ITQGBcG_26,吴雷,feedbacker,研发部,$2b$12$aas8q9WlveKAB/BjKjd3ie04UXMaxdaNRwrGVcJ2ziYqs5YXoWnvS,123456 (Default)
30,user_joQWm_27,王玉梅,feedbacker,运营部,$2b$12$aas8q9WlveKAB/BjKjd3ie04UXMaxdaNRwrGVcJ2ziYqs5YXoWnvS,123456 (Default)
31,user_BoMPZg_28,邓成,feedbacker,研发部,$2b$12$aas8q9WlveKAB/BjKjd3ie04UXMaxdaNRwrGVcJ2ziYqs5YXoWnvS,123456 (Default)
32,user_KJQHyC_29,吴冬梅,feedbacker,运营部,$2b$12$aas8q9WlveKAB/BjKjd3ie04UXMaxdaNRwrGVcJ2ziYqs5YXoWnvS,123456 (Default)
33,user_NaZNSu_30,沈桂花,feedbacker,运营部,$2b$12$aas8q9WlveKAB/BjKjd3ie04UXMaxdaNRwrGVcJ2ziYqs5YXoWnvS,123456 (Default)
34,user_opJiQQV_31,周峰,feedbacker,研发部,$2b$12$aas8q9WlveKAB/BjKjd3ie04UXMaxdaNRwrGVcJ2ziYqs5YXoWnvS,123456 (Default)
35,user_mtbQFMig_32,吴旭,feedbacker,运营部,$2b$12$aas8q9WlveKAB/BjKjd3ie04UXMaxdaNRwrGVcJ2ziYqs5YXoWnvS,123456 (Default)
36,user_PQBzas_33,袁丽娟,feedbacker,运营部,$2b$12$aas8q9WlveKAB/BjKjd3ie04UXMaxdaNRwrGVcJ2ziYqs5YXoWnvS,123456 (Default)
37,user_hMiUNom_34,骆丽,feedbacker,人事部,$2b$12$aas8q9WlveKAB/BjKjd3ie04UXMaxdaNRwrGVcJ2ziYqs5YXoWnvS,123456 (Default)
38,user_qPOnUrVQ_35,倪利,feedbacker,人事部,$2b$12$aas8q9WlveKAB/BjKjd3ie04UXMaxdaNRwrGVcJ2ziYqs5YXoWnvS,123456 (Default)
39,user_yibEyG_36,黎畅,feedbacker,研发部,$2b$12$aas8q9WlveKAB/BjKjd3ie04UXMaxdaNRwrGVcJ2ziYqs5YXoWnvS,123456 (Default)
40,user_nLXswNF_37,梁静,feedbacker,研发部,$2b$12$aas8q9WlveKAB/BjKjd3ie04UXMaxdaNRwrGVcJ2ziYqs5YXoWnvS,123456 (Default)
41,user_tpNQYC_38,耿淑兰,feedbacker,人事部,$2b$12$aas8q9WlveKAB/BjKjd3ie04UXMaxdaNRwrGVcJ2ziYqs5YXoWnvS,123456 (Default)
42,user_HZPigEbB_39,张桂荣,feedbacker,市场部,$2b$12$aas8q9WlveKAB/BjKjd3ie04UXMaxdaNRwrGVcJ2ziYqs5YXoWnvS,123456 (Default)
43,user_LDgptn_40,张丽华,feedbacker,市场部,$2b$12$aas8q9WlveKAB/BjKjd3ie04UXMaxdaNRwrGVcJ2ziYqs5YXoWnvS,123456 (Default)
44,user_tvhXenk_41,张艳,feedbacker,市场部,$2b$12$aas8q9WlveKAB/BjKjd3ie04UXMaxdaNRwrGVcJ2ziYqs5YXoWnvS,123456 (Default)
45,user_JsiRmf_42,杨俊,feedbacker,人事部,$2b$12$aas8q9WlveKAB/BjKjd3ie04UXMaxdaNRwrGVcJ2ziYqs5YXoWnvS,123456 (Default)
46,user_DyGcLR_43,刘柳,feedbacker,研发部,$2b$12$aas8q9WlveKAB/BjKjd3ie04UXMaxdaNRwrGVcJ2ziYqs5YXoWnvS,123456 (Default)
47,user_kCjGYqvB_44,张凤英,feedbacker,运营部,$2b$12$aas8q9WlveKAB/BjKjd3ie04UXMaxdaNRwrGVcJ2ziYqs5YXoWnvS,123456 (Default)
48,user_nKihclf_45,刘秀梅,feedbacker,研发部,$2b$12$aas8q9WlveKAB/BjKjd3ie04UXMaxdaNRwrGVcJ2ziYqs5YXoWnvS,123456 (Default)
49,user_wqgpUtwy_46,臧佳,feedbacker,市场部,$2b$12$aas8q9WlveKAB/BjKjd3ie04UXMaxdaNRwrGVcJ2ziYqs5YXoWnvS,123456 (Default)
50,user_NmcjxXn_47,叶荣,feedbacker,运营部,$2b$12$aas8q9WlveKAB/BjKjd3ie04UXMaxdaNRwrGVcJ2ziYqs5YXoWnvS,123456 (Default)
51,user_zzDaVKSa_48,刘秀云,feedbacker,市场部,$2b$12$aas8q9WlveKAB/BjKjd3ie04UXMaxdaNRwrGVcJ2ziYqs5YXoWnvS,123456 (Default)
52,user_pdbOE_49,刘鑫,feedbacker,运营部,$2b$12$aas8q9WlveKAB/BjKjd3ie04UXMaxdaNRwrGVcJ2ziYqs5YXoWnvS,123456 (Default)
53,user_ZKgaRqwY_50,申倩,feedbacker,研发部,$2b$12$aas8q9WlveKAB/BjKjd3ie04UXMaxdaNRwrGVcJ2ziYqs5YXoWnvS,123456 (Default)
54,user_shaKgjG_51,胡彬,feedbacker,人事部,$2b$12$aas8q9WlveKAB/BjKjd3ie04UXMaxdaNRwrGVcJ2ziYqs5YXoWnvS,123456 (Default)
55,user_HThSpPRH_52,许林,feedbacker,市场部,$2b$12$aas8q9WlveKAB/BjKjd3ie04UXMaxdaNRwrGVcJ2ziYqs5YXoWnvS,123456 (Default)
56,user_nrnfYna_53,袁萍,feedbacker,运营部,$2b$12$aas8q9WlveKAB/BjKjd3ie04UXMaxdaNRwrGVcJ2ziYqs5YXoWnvS,123456 (Default)
57,user_IjAZCl_54,蔡勇,feedbacker,市场部,$2b$12$aas8q9WlveKAB/BjKjd3ie04UXMaxdaNRwrGVcJ2ziYqs5YXoWnvS,123456 (Default)
58,user_ySAPBjhf_55,李浩,feedbacker,运营部,$2b$12$aas8q9WlveKAB/BjKjd3ie04UXMaxdaNRwrGVcJ2ziYqs5YXoWnvS,123456 (Default)
59,user_atmqwG_56,白冬梅,feedbacker,人事部,$2b$12$aas8q9WlveKAB/BjKjd3ie04UXMaxdaNRwrGVcJ2ziYqs5YXoWnvS,123456 (Default)
60,user_VhdDs_57,檀峰,feedbacker,人事部,$2b$12$aas8q9WlveKAB/BjKjd3ie04UXMaxdaNRwrGVcJ2ziYqs5YXoWnvS,123456 (Default)
61,user_FcbcL_58,彭颖,feedbacker,人事部,$2b$12$aas8q9WlveKAB/BjKjd3ie04UXMaxdaNRwrGVcJ2ziYqs5YXoWnvS,123456 (Default)
62,user_BFMyL_59,萧莉,feedbacker,市场部,$2b$12$aas8q9WlveKAB/BjKjd3ie04UXMaxdaNRwrGVcJ2ziYqs5YXoWnvS,123456 (Default)
63,user_VjbFYp_60,杨雪梅,feedbacker,运营部,$2b$12$aas8q9WlveKAB/BjKjd3ie04UXMaxdaNRwrGVcJ2ziYqs5YXoWnvS,123456 (Default)
64,user_RcnPsN_61,赵秀荣,feedbacker,研发部,$2b$12$aas8q9WlveKAB/BjKjd3ie04UXMaxdaNRwrGVcJ2ziYqs5YXoWnvS,123456 (Default)
65,user_NbECqtyh_62,赵洋,feedbacker,研发部,$2b$12$aas8q9WlveKAB/BjKjd3ie04UXMaxdaNRwrGVcJ2ziYqs5YXoWnvS,123456 (Default)
66,user_oFSxMYby_63,孙明,feedbacker,运营部,$2b$12$aas8q9WlveKAB/BjKjd3ie04UXMaxdaNRwrGVcJ2ziYqs5YXoWnvS,123456 (Default)
67,user_ieVutZce_64,刘洁,feedbacker,研发部,$2b$12$aas8q9WlveKAB/BjKjd3ie04UXMaxdaNRwrGVcJ2ziYqs5YXoWnvS,123456 (Default)
68,user_DUfoF_65,白桂花,feedbacker,市场部,$2b$12$aas8q9WlveKAB/BjKjd3ie04UXMaxdaNRwrGVcJ2ziYqs5YXoWnvS,123456 (Default)
69,user_PoAKY_66,刘欣,feedbacker,市场部,$2b$12$aas8q9WlveKAB/BjKjd3ie04UXMaxdaNRwrGVcJ2ziYqs5YXoWnvS,123456 (Default)
70,user_vSjAdpsb_67,徐丽娟,feedbacker,研发部,$2b$12$aas8q9WlveKAB/BjKjd3ie04UXMaxdaNRwrGVcJ2ziYqs5YXoWnvS,123456 (Default)
71,user_pwdamlYN_68,刘宁,feedbacker,市场部,$2b$12$aas8q9WlveKAB/BjKjd3ie04UXMaxdaNRwrGVcJ2ziYqs5YXoWnvS,123456 (Default)
72,user_hnOKBLi_69,黄宇,feedbacker,运营部,$2b$12$aas8q9WlveKAB/BjKjd3ie04UXMaxdaNRwrGVcJ2ziYqs5YXoWnvS,123456 (Default)
73,user_sokYWq_70,胡柳,feedbacker,运营部,$2b$12$aas8q9WlveKAB/BjKjd3ie04UXMaxdaNRwrGVcJ2ziYqs5YXoWnvS,123456 (Default)
74,user_vJCyqKl_71,杜俊,feedbacker,市场部,$2b$12$aas8q9WlveKAB/BjKjd3ie04UXMaxdaNRwrGVcJ2ziYqs5YXoWnvS,123456 (Default)
75,user_MZVFPcjS_72,田兰英,feedbacker,运营部,$2b$12$aas8q9WlveKAB/BjKjd3ie04UXMaxdaNRwrGVcJ2ziYqs5YXoWnvS,123456 (Default)
76,user_FonmuqGn_73,段桂兰,feedbacker,市场部,$2b$12$aas8q9WlveKAB/BjKjd3ie04UXMaxdaNRwrGVcJ2ziYqs5YXoWnvS,123456 (Default)
77,user_QcqkIQ_74,刘兰英,feedbacker,人事部,$2b$12$aas8q9WlveKAB/BjKjd3ie04UXMaxdaNRwrGVcJ2ziYqs5YXoWnvS,123456 (Default)
78,user_hLZuy_75,刘桂兰,feedbacker,研发部,$2b$12$aas8q9WlveKAB/BjKjd3ie04UXMaxdaNRwrGVcJ2ziYqs5YXoWnvS,123456 (Default)
79,user_YIhiNyQW_76,熊瑜,feedbacker,人事部,$2b$12$aas8q9WlveKAB/BjKjd3ie04UXMaxdaNRwrGVcJ2ziYqs5YXoWnvS,123456 (Default)
80,user_pGAefAQH_77,郑文,feedbacker,人事部,$2b$12$aas8q9WlveKAB/BjKjd3ie04UXMaxdaNRwrGVcJ2ziYqs5YXoWnvS,123456 (Default)
81,user_uITKJZH_78,苏飞,feedbacker,运营部,$2b$12$aas8q9WlveKAB/BjKjd3ie04UXMaxdaNRwrGVcJ2ziYqs5YXoWnvS,123456 (Default)
82,user_YvcLUg_79,薛雪梅,feedbacker,人事部,$2b$12$aas8q9WlveKAB/BjKjd3ie04UXMaxdaNRwrGVcJ2ziYqs5YXoWnvS,123456 (Default)
83,user_vCwwlVql_80,杨淑兰,feedbacker,市场部,$2b$12$aas8q9WlveKAB/BjKjd3ie04UXMaxdaNRwrGVcJ2ziYqs5YXoWnvS,123456 (Default)
84,user_naqkxuNM_81,薛凤兰,feedbacker,市场部,$2b$12$aas8q9WlveKAB/BjKjd3ie04UXMaxdaNRwrGVcJ2ziYqs5YXoWnvS,123456 (Default)
85,user_qLlUmNW_82,董淑英,feedbacker,研发部,$2b$12$aas8q9WlveKAB/BjKjd3ie04UXMaxdaNRwrGVcJ2ziYqs5YXoWnvS,123456 (Default)
86,user_oAzWbRDM_83,王健,feedbacker,研发部,$2b$12$aas8q9WlveKAB/BjKjd3ie04UXMaxdaNRwrGVcJ2ziYqs5YXoWnvS,123456 (Default)
87,user_xOMHaWMv_84,董兵,feedbacker,运营部,$2b$12$aas8q9WlveKAB/BjKjd3ie04UXMaxdaNRwrGVcJ2ziYqs5YXoWnvS,123456 (Default)
88,user_uijcy_85,雷岩,feedbacker,运营部,$2b$12$aas8q9WlveKAB/BjKjd3ie04UXMaxdaNRwrGVcJ2ziYqs5YXoWnvS,123456 (Default)
89,user_eFlqJ_86,陈涛,feedbacker,运营部,$2b$12$aas8q9WlveKAB/BjKjd3ie04UXMaxdaNRwrGVcJ2ziYqs5YXoWnvS,123456 (Default)
90,user_cMirPS_87,刘建军,feedbacker,研发部,$2b$12$aas8q9WlveKAB/BjKjd3ie04UXMaxdaNRwrGVcJ2ziYqs5YXoWnvS,123456 (Default)
91,user_NzrlnF_88,李雪梅,feedbacker,人事部,$2b$12$aas8q9WlveKAB/BjKjd3ie04UXMaxdaNRwrGVcJ2ziYqs5YXoWnvS,123456 (Default)
92,user_upePo_89,郭岩,feedbacker,市场部,$2b$12$aas8q9WlveKAB/BjKjd3ie04UXMaxdaNRwrGVcJ2ziYqs5YXoWnvS,123456 (Default)
93,user_clCQCxXU_90,张辉,feedbacker,人事部,$2b$12$aas8q9WlveKAB/BjKjd3ie04UXMaxdaNRwrGVcJ2ziYqs5YXoWnvS,123456 (Default)
94,user_bgJjZved_91,周浩,feedbacker,运营部,$2b$12$aas8q9WlveKAB/BjKjd3ie04UXMaxdaNRwrGVcJ2ziYqs5YXoWnvS,123456 (Default)
95,user_NmDxIX_92,徐洋,feedbacker,运营部,$2b$12$aas8q9WlveKAB/BjKjd3ie04UXMaxdaNRwrGVcJ2ziYqs5YXoWnvS,123456 (Default)
96,user_iBEbxCsH_93,李欣,feedbacker,研发部,$2b$12$aas8q9WlveKAB/BjKjd3ie04UXMaxdaNRwrGVcJ2ziYqs5YXoWnvS,123456 (Default)
97,user_YWGiZxIu_94,孙旭,feedbacker,人事部,$2b$12$aas8q9WlveKAB/BjKjd3ie04UXMaxdaNRwrGVcJ2ziYqs5YXoWnvS,123456 (Default)
98,user_CZVunHZ_95,毛桂花,feedbacker,研发部,$2b$12$aas8q9WlveKAB/BjKjd3ie04UXMaxdaNRwrGVcJ2ziYqs5YXoWnvS,123456 (Default)
99,user_BMnyo_96,杨桂香,feedbacker,运营部,$2b$12$aas8q9WlveKAB/BjKjd3ie04UXMaxdaNRwrGVcJ2ziYqs5YXoWnvS,123456 (Default)
100,user_HNJAWIV_97,王淑兰,feedbacker,人事部,$2b$12$aas8q9WlveKAB/BjKjd3ie04UXMaxdaNRwrGVcJ2ziYqs5YXoWnvS,123456 (Default)
101,user_JdttL_98,余秀珍,feedbacker,人事部,$2b$12$aas8q9WlveKAB/BjKjd3ie04UXMaxdaNRwrGVcJ2ziYqs5YXoWnvS,123456 (Default)
102,user_PnQaXtY_99,罗荣,feedbacker,运营部,$2b$12$aas8q9WlveKAB/BjKjd3ie04UXMaxdaNRwrGVcJ2ziYqs5YXoWnvS,123456 (Default)
103,user_BUvNja_100,王军,feedbacker,市场部,$2b$12$aas8q9WlveKAB/BjKjd3ie04UXMaxdaNRwrGVcJ2ziYqs5YXoWnvS,123456 (Default)
104,user_qiXRi_101,李丽丽,feedbacker,人事部,$2b$12$aas8q9WlveKAB/BjKjd3ie04UXMaxdaNRwrGVcJ2ziYqs5YXoWnvS,123456 (Default)
105,user_RHhFOj_102,徐斌,feedbacker,运营部,$2b$12$aas8q9WlveKAB/BjKjd3ie04UXMaxdaNRwrGVcJ2ziYqs5YXoWnvS,123456 (Default)
106,user_uQxDhD_103,陈平,feedbacker,市场部,$2b$12$aas8q9WlveKAB/BjKjd3ie04UXMaxdaNRwrGVcJ2ziYqs5YXoWnvS,123456 (Default)
107,user_aYMGsAzF_104,李桂花,feedbacker,运营部,$2b$12$aas8q9WlveKAB/BjKjd3ie04UXMaxdaNRwrGVcJ2ziYqs5YXoWnvS,123456 (Default)
108,user_jbqzqNM_105,刘婷婷,feedbacker,研发部,$2b$12$aas8q9WlveKAB/BjKjd3ie04UXMaxdaNRwrGVcJ2ziYqs5YXoWnvS,123456 (Default)
109,user_GlArC_106,王坤,feedbacker,市场部,$2b$12$aas8q9WlveKAB/BjKjd3ie04UXMaxdaNRwrGVcJ2ziYqs5YXoWnvS,123456 (Default)
110,user_JIopdGX_107,张杰,feedbacker,市场部,$2b$12$aas8q9WlveKAB/BjKjd3ie04UXMaxdaNRwrGVcJ2ziYqs5YXoWnvS,123456 (Default)
111,user_UKxhlLN_108,高琳,feedbacker,市场部,$2b$12$aas8q9WlveKAB/BjKjd3ie04UXMaxdaNRwrGVcJ2ziYqs5YXoWnvS,123456 (Default)
112,user_FzFZUu_109,朱杰,feedbacker,研发部,$2b$12$aas8q9WlveKAB/BjKjd3ie04UXMaxdaNRwrGVcJ2ziYqs5YXoWnvS,123456 (Default)
113,user_HvBkZHw_110,王超,feedbacker,人事部,$2b$12$aas8q9WlveKAB/BjKjd3ie04UXMaxdaNRwrGVcJ2ziYqs5YXoWnvS,123456 (Default)
114,user_MhTRRB_111,陈萍,feedbacker,研发部,$2b$12$aas8q9WlveKAB/BjKjd3ie04UXMaxdaNRwrGVcJ2ziYqs5YXoWnvS,123456 (Default)
115,user_OQRrdH_112,饶雷,feedbacker,人事部,$2b$12$aas8q9WlveKAB/BjKjd3ie04UXMaxdaNRwrGVcJ2ziYqs5YXoWnvS,123456 (Default)
116,user_gTlDzqrQ_113,陈桂英,feedbacker,运营部,$2b$12$aas8q9WlveKAB/BjKjd3ie04UXMaxdaNRwrGVcJ2ziYqs5YXoWnvS,123456 (Default)
117,user_NeNfx_114,张秀云,feedbacker,运营部,$2b$12$aas8q9WlveKAB/BjKjd3ie04UXMaxdaNRwrGVcJ2ziYqs5YXoWnvS,123456 (Default)
118,user_gWexPb_115,唐冬梅,feedbacker,运营部,$2b$12$aas8q9WlveKAB/BjKjd3ie04UXMaxdaNRwrGVcJ2ziYqs5YXoWnvS,123456 (Default)
119,user_qTTEs_116,王志强,feedbacker,市场部,$2b$12$aas8q9WlveKAB/BjKjd3ie04UXMaxdaNRwrGVcJ2ziYqs5YXoWnvS,123456 (Default)
120,user_OxlHu_117,赵阳,feedbacker,研发部,$2b$12$aas8q9WlveKAB/BjKjd3ie04UXMaxdaNRwrGVcJ2ziYqs5YXoWnvS,123456 (Default)
121,user_LanKkYM_118,文敏,feedbacker,市场部,$2b$12$aas8q9WlveKAB/BjKjd3ie04UXMaxdaNRwrGVcJ2ziYqs5YXoWnvS,123456 (Default)
122,user_LsVgx_119,张玲,feedbacker,人事部,$2b$12$aas8q9WlveKAB/BjKjd3ie04UXMaxdaNRwrGVcJ2ziYqs5YXoWnvS,123456 (Default)
123,user_iADbUKL_120,蔡桂花,feedbacker,人事部,$2b$12$aas8q9WlveKAB/BjKjd3ie04UXMaxdaNRwrGVcJ2ziYqs5YXoWnvS,123456 (Default)
124,user_pPtoq_121,杨杨,feedbacker,市场部,$2b$12$aas8q9WlveKAB/BjKjd3ie04UXMaxdaNRwrGVcJ2ziYqs5YXoWnvS,123456 (Default)
125,user_hftgmy_122,张丽丽,feedbacker,市场部,$2b$12$aas8q9WlveKAB/BjKjd3ie04UXMaxdaNRwrGVcJ2ziYqs5YXoWnvS,123456 (Default)
126,user_kTHcCg_123,郑辉,feedbacker,运营部,$2b$12$aas8q9WlveKAB/BjKjd3ie04UXMaxdaNRwrGVcJ2ziYqs5YXoWnvS,123456 (Default)
127,user_BZEEZe_124,李晶,feedbacker,运营部,$2b$12$aas8q9WlveKAB/BjKjd3ie04UXMaxdaNRwrGVcJ2ziYqs5YXoWnvS,123456 (Default)
128,user_qTYea_125,李淑英,feedbacker,运营部,$2b$12$aas8q9WlveKAB/BjKjd3ie04UXMaxdaNRwrGVcJ2ziYqs5YXoWnvS,123456 (Default)
129,user_qVZtlC_126,夏玉华,feedbacker,市场部,$2b$12$aas8q9WlveKAB/BjKjd3ie04UXMaxdaNRwrGVcJ2ziYqs5YXoWnvS,123456 (Default)
130,user_zZqJQ_127,姚金凤,feedbacker,运营部,$2b$12$aas8q9WlveKAB/BjKjd3ie04UXMaxdaNRwrGVcJ2ziYqs5YXoWnvS,123456 (Default)
131,user_IvOJQs_128,王雪,feedbacker,运营部,$2b$12$aas8q9WlveKAB/BjKjd3ie04UXMaxdaNRwrGVcJ2ziYqs5YXoWnvS,123456 (Default)
132,user_SwSiV_129,夏淑珍,feedbacker,研发部,$2b$12$aas8q9WlveKAB/BjKjd3ie04UXMaxdaNRwrGVcJ2ziYqs5YXoWnvS,123456 (Default)
133,user_dHnbYhk_130,王艳,feedbacker,市场部,$2b$12$aas8q9WlveKAB/BjKjd3ie04UXMaxdaNRwrGVcJ2ziYqs5YXoWnvS,123456 (Default)
134,user_wStoby_131,刘玉,feedbacker,运营部,$2b$12$aas8q9WlveKAB/BjKjd3ie04UXMaxdaNRwrGVcJ2ziYqs5YXoWnvS,123456 (Default)
135,user_jBwVB_132,戴建,feedbacker,市场部,$2b$12$aas8q9WlveKAB/BjKjd3ie04UXMaxdaNRwrGVcJ2ziYqs5YXoWnvS,123456 (Default)
136,user_QrWQciZE_133,李鹏,feedbacker,人事部,$2b$12$aas8q9WlveKAB/BjKjd3ie04UXMaxdaNRwrGVcJ2ziYqs5YXoWnvS,123456 (Default)
137,user_IftdyBg_134,郑欣,feedbacker,市场部,$2b$12$aas8q9WlveKAB/BjKjd3ie04UXMaxdaNRwrGVcJ2ziYqs5YXoWnvS,123456 (Default)
138,user_oTmle_135,张想,feedbacker,市场部,$2b$12$aas8q9WlveKAB/BjKjd3ie04UXMaxdaNRwrGVcJ2ziYqs5YXoWnvS,123456 (Default)
139,user_MPTLRhuZ_136,陈辉,feedbacker,运营部,$2b$12$aas8q9WlveKAB/BjKjd3ie04UXMaxdaNRwrGVcJ2ziYqs5YXoWnvS,123456 (Default)
140,user_JmLiEsi_137,张辉,feedbacker,市场部,$2b$12$aas8q9WlveKAB/BjKjd3ie04UXMaxdaNRwrGVcJ2ziYqs5YXoWnvS,123456 (Default)
141,user_SJcubeE_138,张博,feedbacker,研发部,$2b$12$aas8q9WlveKAB/BjKjd3ie04UXMaxdaNRwrGVcJ2ziYqs5YXoWnvS,123456 (Default)
142,user_WtKuHjBU_139,陈萍,feedbacker,研发部,$2b$12$aas8q9WlveKAB/BjKjd3ie04UXMaxdaNRwrGVcJ2ziYqs5YXoWnvS,123456 (Default)
143,user_aUDEsPzv_140,李凤兰,feedbacker,市场部,$2b$12$aas8q9WlveKAB/BjKjd3ie04UXMaxdaNRwrGVcJ2ziYqs5YXoWnvS,123456 (Default)
144,user_RJXkR_141,姚峰,feedbacker,市场部,$2b$12$aas8q9WlveKAB/BjKjd3ie04UXMaxdaNRwrGVcJ2ziYqs5YXoWnvS,123456 (Default)
145,user_gVRVpG_142,史玉珍,feedbacker,市场部,$2b$12$aas8q9WlveKAB/BjKjd3ie04UXMaxdaNRwrGVcJ2ziYqs5YXoWnvS,123456 (Default)
146,user_rsAishM_143,周兰英,feedbacker,人事部,$2b$12$aas8q9WlveKAB/BjKjd3ie04UXMaxdaNRwrGVcJ2ziYqs5YXoWnvS,123456 (Default)
147,user_GosiKI_144,郑伟,feedbacker,市场部,$2b$12$aas8q9WlveKAB/BjKjd3ie04UXMaxdaNRwrGVcJ2ziYqs5YXoWnvS,123456 (Default)
148,user_VfrdmB_145,赵冬梅,feedbacker,市场部,$2b$12$aas8q9WlveKAB/BjKjd3ie04UXMaxdaNRwrGVcJ2ziYqs5YXoWnvS,123456 (Default)
149,user_jHejsvXR_146,黄娟,feedbacker,研发部,$2b$12$aas8q9WlveKAB/BjKjd3ie04UXMaxdaNRwrGVcJ2ziYqs5YXoWnvS,123456 (Default)
150,user_vusXQox_147,那坤,feedbacker,运营部,$2b$12$aas8q9WlveKAB/BjKjd3ie04UXMaxdaNRwrGVcJ2ziYqs5YXoWnvS,123456 (Default)
151,user_CLwEs_148,白玉梅,feedbacker,人事部,$2b$12$aas8q9WlveKAB/BjKjd3ie04UXMaxdaNRwrGVcJ2ziYqs5YXoWnvS,123456 (Default)
152,user_UgPfohd_149,林冬梅,feedbacker,人事部,$2b$12$aas8q9WlveKAB/BjKjd3ie04UXMaxdaNRwrGVcJ2ziYqs5YXoWnvS,123456 (Default)
153,user_mQSyLE_150,吴桂兰,feedbacker,市场部,$2b$12$aas8q9WlveKAB/BjKjd3ie04UXMaxdaNRwrGVcJ2ziYqs5YXoWnvS,123456 (Default)
154,user_hEraBPE_151,张勇,feedbacker,市场部,$2b$12$aas8q9WlveKAB/BjKjd3ie04UXMaxdaNRwrGVcJ2ziYqs5YXoWnvS,123456 (Default)
155,user_GjZMuY_152,高玲,feedbacker,研发部,$2b$12$aas8q9WlveKAB/BjKjd3ie04UXMaxdaNRwrGVcJ2ziYqs5YXoWnvS,123456 (Default)
156,user_wDMmBDSQ_153,张平,feedbacker,市场部,$2b$12$aas8q9WlveKAB/BjKjd3ie04UXMaxdaNRwrGVcJ2ziYqs5YXoWnvS,123456 (Default)
157,user_fGeRs_154,古平,feedbacker,人事部,$2b$12$aas8q9WlveKAB/BjKjd3ie04UXMaxdaNRwrGVcJ2ziYqs5YXoWnvS,123456 (Default)
158,user_GtAMzo_155,周荣,feedbacker,研发部,$2b$12$aas8q9WlveKAB/BjKjd3ie04UXMaxdaNRwrGVcJ2ziYqs5YXoWnvS,123456 (Default)
159,user_kGhIYEjY_156,张佳,feedbacker,运营部,$2b$12$aas8q9WlveKAB/BjKjd3ie04UXMaxdaNRwrGVcJ2ziYqs5YXoWnvS,123456 (Default)
160,user_PpAIh_157,曾娟,feedbacker,研发部,$2b$12$aas8q9WlveKAB/BjKjd3ie04UXMaxdaNRwrGVcJ2ziYqs5YXoWnvS,123456 (Default)
161,user_tnTPR_158,方杰,feedbacker,人事部,$2b$12$aas8q9WlveKAB/BjKjd3ie04UXMaxdaNRwrGVcJ2ziYqs5YXoWnvS,123456 (Default)
162,user_qjUSPc_159,汤波,feedbacker,人事部,$2b$12$aas8q9WlveKAB/BjKjd3ie04UXMaxdaNRwrGVcJ2ziYqs5YXoWnvS,123456 (Default)
163,user_YghfSuBM_160,姜龙,feedbacker,研发部,$2b$12$aas8q9WlveKAB/BjKjd3ie04UXMaxdaNRwrGVcJ2ziYqs5YXoWnvS,123456 (Default)
164,user_uWsjciTg_161,马玲,feedbacker,运营部,$2b$12$aas8q9WlveKAB/BjKjd3ie04UXMaxdaNRwrGVcJ2ziYqs5YXoWnvS,123456 (Default)
165,user_QStevj_162,杨秀芳,feedbacker,研发部,$2b$12$aas8q9WlveKAB/BjKjd3ie04UXMaxdaNRwrGVcJ2ziYqs5YXoWnvS,123456 (Default)
166,user_dlrkjrJ_163,王志强,feedbacker,运营部,$2b$12$aas8q9WlveKAB/BjKjd3ie04UXMaxdaNRwrGVcJ2ziYqs5YXoWnvS,123456 (Default)
167,user_VJpwUAX_164,吕桂芳,feedbacker,研发部,$2b$12$aas8q9WlveKAB/BjKjd3ie04UXMaxdaNRwrGVcJ2ziYqs5YXoWnvS,123456 (Default)
168,user_zrOyvA_165,汪博,feedbacker,研发部,$2b$12$aas8q9WlveKAB/BjKjd3ie04UXMaxdaNRwrGVcJ2ziYqs5YXoWnvS,123456 (Default)
169,user_hFGBYLP_166,董颖,feedbacker,市场部,$2b$12$aas8q9WlveKAB/BjKjd3ie04UXMaxdaNRwrGVcJ2ziYqs5YXoWnvS,123456 (Default)
170,user_nvTEFBDw_167,宋凯,feedbacker,研发部,$2b$12$aas8q9WlveKAB/BjKjd3ie04UXMaxdaNRwrGVcJ2ziYqs5YXoWnvS,123456 (Default)
171,user_SKjWbCLZ_168,张淑英,feedbacker,研发部,$2b$12$aas8q9WlveKAB/BjKjd3ie04UXMaxdaNRwrGVcJ2ziYqs5YXoWnvS,123456 (Default)
172,user_DrDJjcif_169,孙志强,feedbacker,人事部,$2b$12$aas8q9WlveKAB/BjKjd3ie04UXMaxdaNRwrGVcJ2ziYqs5YXoWnvS,123456 (Default)
173,user_jjidjr_170,赵秀兰,feedbacker,人事部,$2b$12$aas8q9WlveKAB/BjKjd3ie04UXMaxdaNRwrGVcJ2ziYqs5YXoWnvS,123456 (Default)
174,user_yUyqSgL_171,张莹,feedbacker,市场部,$2b$12$aas8q9WlveKAB/BjKjd3ie04UXMaxdaNRwrGVcJ2ziYqs5YXoWnvS,123456 (Default)
175,user_oqRSdlH_172,柴坤,feedbacker,运营部,$2b$12$aas8q9WlveKAB/BjKjd3ie04UXMaxdaNRwrGVcJ2ziYqs5YXoWnvS,123456 (Default)
176,user_yQmoiQ_173,戴春梅,feedbacker,市场部,$2b$12$aas8q9WlveKAB/BjKjd3ie04UXMaxdaNRwrGVcJ2ziYqs5YXoWnvS,123456 (Default)
177,user_psKZV_174,刘阳,feedbacker,市场部,$2b$12$aas8q9WlveKAB/BjKjd3ie04UXMaxdaNRwrGVcJ2ziYqs5YXoWnvS,123456 (Default)
178,user_RuCyknK_175,周亮,feedbacker,运营部,$2b$12$aas8q9WlveKAB/BjKjd3ie04UXMaxdaNRwrGVcJ2ziYqs5YXoWnvS,123456 (Default)
179,user_thHjr_176,吴凯,feedbacker,人事部,$2b$12$aas8q9WlveKAB/BjKjd3ie04UXMaxdaNRwrGVcJ2ziYqs5YXoWnvS,123456 (Default)
180,user_zzpak_177,田春梅,feedbacker,研发部,$2b$12$aas8q9WlveKAB/BjKjd3ie04UXMaxdaNRwrGVcJ2ziYqs5YXoWnvS,123456 (Default)
181,user_hGcYzlvX_178,王华,feedbacker,研发部,$2b$12$aas8q9WlveKAB/BjKjd3ie04UXMaxdaNRwrGVcJ2ziYqs5YXoWnvS,123456 (Default)
182,user_aIlSZz_179,周丹丹,feedbacker,研发部,$2b$12$aas8q9WlveKAB/BjKjd3ie04UXMaxdaNRwrGVcJ2ziYqs5YXoWnvS,123456 (Default)
183,user_yJril_180,苏欣,feedbacker,人事部,$2b$12$aas8q9WlveKAB/BjKjd3ie04UXMaxdaNRwrGVcJ2ziYqs5YXoWnvS,123456 (Default)
184,user_ugfHGMO_181,林芳,feedbacker,运营部,$2b$12$aas8q9WlveKAB/BjKjd3ie04UXMaxdaNRwrGVcJ2ziYqs5YXoWnvS,123456 (Default)
185,user_NSbLxL_182,张丽丽,feedbacker,研发部,$2b$12$aas8q9WlveKAB/BjKjd3ie04UXMaxdaNRwrGVcJ2ziYqs5YXoWnvS,123456 (Default)
186,user_bWyeusb_183,黄文,feedbacker,市场部,$2b$12$aas8q9WlveKAB/BjKjd3ie04UXMaxdaNRwrGVcJ2ziYqs5YXoWnvS,123456 (Default)
187,user_YeQzOMuu_184,郝华,feedbacker,市场部,$2b$12$aas8q9WlveKAB/BjKjd3ie04UXMaxdaNRwrGVcJ2ziYqs5YXoWnvS,123456 (Default)
188,user_MSCFhyww_185,何成,feedbacker,市场部,$2b$12$aas8q9WlveKAB/BjKjd3ie04UXMaxdaNRwrGVcJ2ziYqs5YXoWnvS,123456 (Default)
189,user_QhurM_186,郑倩,feedbacker,人事部,$2b$12$aas8q9WlveKAB/BjKjd3ie04UXMaxdaNRwrGVcJ2ziYqs5YXoWnvS,123456 (Default)
190,user_zNNwaOfn_187,孙斌,feedbacker,市场部,$2b$12$aas8q9WlveKAB/BjKjd3ie04UXMaxdaNRwrGVcJ2ziYqs5YXoWnvS,123456 (Default)
191,user_NLLZgi_188,周建国,feedbacker,研发部,$2b$12$aas8q9WlveKAB/BjKjd3ie04UXMaxdaNRwrGVcJ2ziYqs5YXoWnvS,123456 (Default)
192,user_vSNactJx_189,王林,feedbacker,人事部,$2b$12$aas8q9WlveKAB/BjKjd3ie04UXMaxdaNRwrGVcJ2ziYqs5YXoWnvS,123456 (Default)
193,user_GirRSmtG_190,秦倩,feedbacker,人事部,$2b$12$aas8q9WlveKAB/BjKjd3ie04UXMaxdaNRwrGVcJ2ziYqs5YXoWnvS,123456 (Default)
194,user_eRXYFUC_191,何红,feedbacker,市场部,$2b$12$aas8q9WlveKAB/BjKjd3ie04UXMaxdaNRwrGVcJ2ziYqs5YXoWnvS,123456 (Default)
195,user_fFKNUKZ_192,杨春梅,feedbacker,人事部,$2b$12$aas8q9WlveKAB/BjKjd3ie04UXMaxdaNRwrGVcJ2ziYqs5YXoWnvS,123456 (Default)
196,user_ldTPwQA_193,李秀兰,feedbacker,市场部,$2b$12$aas8q9WlveKAB/BjKjd3ie04UXMaxdaNRwrGVcJ2ziYqs5YXoWnvS,123456 (Default)
197,user_vmTAAW_194,路玉珍,feedbacker,人事部,$2b$12$aas8q9WlveKAB/BjKjd3ie04UXMaxdaNRwrGVcJ2ziYqs5YXoWnvS,123456 (Default)
198,user_mdqMOwZ_195,陈东,feedbacker,研发部,$2b$12$aas8q9WlveKAB/BjKjd3ie04UXMaxdaNRwrGVcJ2ziYqs5YXoWnvS,123456 (Default)
199,user_vSUYu_196,胡桂香,feedbacker,运营部,$2b$12$aas8q9WlveKAB/BjKjd3ie04UXMaxdaNRwrGVcJ2ziYqs5YXoWnvS,123456 (Default)
200,user_TcnMGtdb_197,朱勇,feedbacker,研发部,$2b$12$aas8q9WlveKAB/BjKjd3ie04UXMaxdaNRwrGVcJ2ziYqs5YXoWnvS,123456 (Default)
201,user_ePbXJki_198,陈欢,feedbacker,人事部,$2b$12$aas8q9WlveKAB/BjKjd3ie04UXMaxdaNRwrGVcJ2ziYqs5YXoWnvS,123456 (Default)
202,user_xlkEFbTz_199,夏强,feedbacker,人事部,$2b$12$aas8q9WlveKAB/BjKjd3ie04UXMaxdaNRwrGVcJ2ziYqs5YXoWnvS,123456 (Default)
