group_name,name,username,password,role
建筑室,李伟,liwei,123,feedbacker
建筑室,王芳,wangfang,123,feedbacker
建筑室,张娜,zhangna,123,feedbacker
建筑室,赵伟,zhaowei,123,feedbacker
建筑室,李威,liweia,123,feedbacker
建筑室,孙敏,sunmin,123,feedbacker
建筑室,张磊,zhanglei,123,feedbacker
建筑室,王军,wangjun,123,feedbacker
建筑室,赵丽,zhaoli,123,feedbacker
建筑室,陈杰,chenjie,123,feedbacker
建筑室,李炜,liweib,123,feedbacker
建筑室,王敏,wangmin,123,feedbacker
建筑室,张军,zhangjun,123,feedbacker
建筑室,赵芳,zhaofang,123,feedbacker
建筑室,陈伟,chenwei,123,feedbacker
建筑室,李微,liweic,123,feedbacker
建筑室,王娜,wangna,123,feedbacker
建筑室,张伟,zhangwei,123,feedbacker
建筑室,赵敏,zhaomin,123,feedbacker
建筑室,陈芳,chenfang,123,feedbacker
建筑室,李巍,liweid,123,feedbacker
建筑室,王磊,wanglei,123,feedbacker
建筑室,张杰,zhangjie,123,feedbacker
建筑室,赵军,zhaojun,123,feedbacker
建筑室,陈敏,chenmin,123,feedbacker
建筑室,黄伟,huangwei,123,feedbacker
建筑室,周芳,zhoufang,123,feedbacker
建筑室,吴丽,wuli,123,feedbacker
建筑室,郑楠,zhengnan,123,feedbacker
建筑室,胡丽,huli,123,feedbacker
建筑室,黄威,huangweia,123,feedbacker
建筑室,周敏,zhoumin,123,feedbacker
建筑室,吴芳,wufang,123,feedbacker
建筑室,郑伟,zhengwei,123,feedbacker
建筑室,胡敏,humin,123,feedbacker
建筑室,黄炜,huangweib,123,feedbacker
建筑室,周军,zhoujun,123,feedbacker
建筑室,吴磊,wulei,123,feedbacker
建筑室,郑芳,zhengfang,123,feedbacker
建筑室,胡军,hujun,123,feedbacker
结构一室,王伟,wangweia,123,feedbacker
结构一室,张伟,zhangweia,123,feedbacker
结构一室,赵伟,zhaoweia,123,feedbacker
结构一室,陈伟,chenweia,123,feedbacker
结构一室,李玮,liweie,123,feedbacker
结构一室,孙伟,sunweia,123,feedbacker
结构一室,张磊,zhangleia,123,feedbacker
结构一室,王军,wangjuna,123,feedbacker
结构一室,赵丽,zhaolia,123,feedbacker
结构一室,陈杰,chenjiea,123,feedbacker
结构一室,李微,liweif,123,feedbacker
结构一室,孙敏,sunmina,123,feedbacker
结构一室,张磊,zhangleib,123,feedbacker
结构一室,王军,wangjunb,123,feedbacker
结构一室,赵丽,zhaolib,123,feedbacker
结构一室,陈杰,chenjieba,123,feedbacker
结构一室,李巍,liweig,123,feedbacker
结构一室,孙敏,sunminb,123,feedbacker
结构一室,张磊,zhangleic,123,feedbacker
结构一室,王军,wangjunc,123,feedbacker
结构一室,赵丽,zhaolic,123,feedbacker
结构一室,陈杰,chenjiebb,123,feedbacker
结构一室,李威,liweih,123,feedbacker
结构一室,孙敏,sunminc,123,feedbacker
结构一室,张磊,zhangleid,123,feedbacker
结构一室,王军,wangjund,123,feedbacker
结构一室,赵丽,zhaolid,123,feedbacker
结构一室,陈杰,chenjiebc,123,feedbacker
结构一室,李伟,liweii,123,feedbacker
结构一室,孙敏,sunmind,123,feedbacker
结构一室,张磊,zhangleie,123,feedbacker
结构一室,王军,wangjune,123,feedbacker
结构一室,赵丽,zhaolie,123,feedbacker
结构一室,陈杰,chenjiebd,123,feedbacker
结构一室,李芳,liweij,123,feedbacker
结构一室,孙芳,sunmine,123,feedbacker
结构一室,张芳,zhangleif,123,feedbacker
结构一室,王芳,wangjunf,123,feedbacker
结构一室,赵丽,zhaolif,123,feedbacker
结构一室,陈杰,chenjiebe,123,feedbacker
结构二室,张伟,zhangweib,123,feedbacker
结构二室,赵伟,zhaoweib,123,feedbacker
结构二室,陈伟,chenweib,123,feedbacker
结构二室,李娜,liweik,123,feedbacker
结构二室,孙伟,sunweib,123,feedbacker
结构二室,张娜,zhangleig,123,feedbacker
结构二室,王娜,wangjung,123,feedbacker
结构二室,赵丽,zhaolig,123,feedbacker
结构二室,陈杰,chenjiebf,123,feedbacker
结构二室,李敏,liweil,123,feedbacker
结构二室,孙敏,sunminf,123,feedbacker
结构二室,张敏,zhangleih,123,feedbacker
结构二室,王敏,wangjunh,123,feedbacker
结构二室,赵丽,zhaolih,123,feedbacker
结构二室,陈杰,chenjiebg,123,feedbacker
结构二室,李磊,liweim,123,feedbacker
结构二室,孙磊,sunming,123,feedbacker
结构二室,张磊,zhangleii,123,feedbacker
结构二室,王磊,wangjunj,123,feedbacker
结构二室,赵丽,zhaolii,123,feedbacker
结构二室,陈杰,chenjiebh,123,feedbacker
结构二室,李军,liwein,123,feedbacker
结构二室,孙军,sunminh,123,feedbacker
结构二室,张军,zhangleij,123,feedbacker
结构二室,王军,wangjunl,123,feedbacker
结构二室,赵丽,zhaolij,123,feedbacker
结构二室,陈杰,chenjiebi,123,feedbacker
结构二室,李丽,liweio,123,feedbacker
结构二室,孙丽,sunmini,123,feedbacker
结构二室,张丽,zhangleik,123,feedbacker
结构二室,王丽,wangjunm,123,feedbacker
结构二室,赵丽,zhaolik,123,feedbacker
结构二室,陈杰,chenjiebj,123,feedbacker
结构二室,李楠,liweip,123,feedbacker
结构二室,孙楠,sunminj,123,feedbacker
结构二室,张楠,zhangleil,123,feedbacker
结构二室,王楠,wangjunn,123,feedbacker
结构二室,赵丽,zhaolil,123,feedbacker
结构二室,陈杰,chenjiebk,123,feedbacker
结构三室,张伟,zhangweic,123,feedbacker
结构三室,赵伟,zhaoweic,123,feedbacker
结构三室,陈伟,chenweic,123,feedbacker
结构三室,李华,liweiq,123,feedbacker
结构三室,孙华,sunweic,123,feedbacker
结构三室,张华,zhangleim,123,feedbacker
结构三室,王华,wangjuno,123,feedbacker
结构三室,赵华,zhaolim,123,feedbacker
结构三室,陈杰,chenjiebl,123,feedbacker
结构三室,李明,liweir,123,feedbacker
结构三室,李明,sunmink,123,feedbacker
结构三室,张明,zhanglein,123,feedbacker
结构三室,王明,wangjunp,123,feedbacker
结构三室,赵明,zhaolin,123,feedbacker
结构三室,陈杰,chenjiebm,123,feedbacker
结构三室,李刚,liweis,123,feedbacker
结构三室,孙刚,sunminl,123,feedbacker
结构三室,张刚,zhangleio,123,feedbacker
结构三室,王刚,wangjunq,123,feedbacker
结构三室,赵刚,zhaolio,123,feedbacker
结构三室,陈杰,chenjiebn,123,feedbacker
结构三室,李强,liweit,123,feedbacker
结构三室,孙强,sunminm,123,feedbacker
结构三室,张强,zhangleip,123,feedbacker
结构三室,王强,wangjunr,123,feedbacker
结构三室,赵强,zhaolip,123,feedbacker
结构三室,陈杰,chenjiebo,123,feedbacker
结构三室,李涛,liweiu,123,feedbacker
结构三室,孙涛,sunminn,123,feedbacker
结构三室,张涛,zhangleiq,123,feedbacker
结构三室,王涛,wangjuns,123,feedbacker
结构三室,赵涛,zhaoliq,123,feedbacker
结构三室,陈杰,chenjiebp,123,feedbacker
结构三室,李超,liweiv,123,feedbacker
结构三室,孙超,sunmino,123,feedbacker
结构三室,张超,zhangleir,123,feedbacker
结构三室,王超,wangjunt,123,feedbacker
结构三室,赵超,zhaolir,123,feedbacker
结构三室,陈杰,chenjiebq,123,feedbacker
给排水室,张伟,zhangweid,123,feedbacker
给排水室,赵伟,zhaweid,123,feedbacker
给排水室,陈伟,chenweid,123,feedbacker
给排水室,李阳,liweiw,123,feedbacker
给排水室,孙阳,sunweid,123,feedbacker
给排水室,张阳,zhangleis,123,feedbacker
给排水室,王阳,wangjunu,123,feedbacker
给排水室,赵阳,zhaolis,123,feedbacker
给排水室,陈杰,chenjiebr,123,feedbacker
给排水室,李丹,liweix,123,feedbacker
给排水室,孙丹,sunminp,123,feedbacker
给排水室,张丹,zhangleit,123,feedbacker
给排水室,王丹,wangjunv,123,feedbacker
给排水室,赵丹,zhaolit,123,feedbacker
给排水室,陈杰,chenjiebs,123,feedbacker
给排水室,李红,liweiw,123,feedbacker
给排水室,孙红,sunminq,123,feedbacker
给排水室,张红,zhangleiu,123,feedbacker
给排水室,王红,wangjunw,123,feedbacker
给排水室,赵红,zhaoliu,123,feedbacker
给排水室,陈杰,chenjiebt,123,feedbacker
给排水室,李玲,liweiy,123,feedbacker
给排水室,孙玲,sunminr,123,feedbacker
给排水室,张玲,zhangleiv,123,feedbacker
给排水室,王玲,wangjunx,123,feedbacker
给排水室,赵玲,zhaoliv,123,feedbacker
给排水室,陈杰,chenjiebu,123,feedbacker
给排水室,李娟,liweiz,123,feedbacker
给排水室,孙娟,sunmins,123,feedbacker
给排水室,张娟,zhangleiw,123,feedbacker
给排水室,王娟,wangjuny,123,feedbacker
给排水室,赵娟,zhaoliw,123,feedbacker
给排水室,陈杰,chenjiebv,123,feedbacker
给排水室,李静,liweiaa,123,feedbacker
给排水室,孙静,sunmint,123,feedbacker
给排水室,张静,zhangleix,123,feedbacker
给排水室,王静,wangjunz,123,feedbacker
给排水室,赵静,zhaoliw,123,feedbacker
给排水室,陈杰,chenjiebw,123,feedbacker
暖通室,张伟,zhangweie,123,feedbacker
暖通室,赵伟,zhaoweie,123,feedbacker
暖通室,陈伟,chenweie,123,feedbacker
暖通室,李颖,liweib,123,feedbacker
暖通室,孙颖,sunweie,123,feedbacker
暖通室,张颖,zhangleiy,123,feedbacker
暖通室,王颖,wangjuna,123,feedbacker
暖通室,赵颖,zhaoliy,123,feedbacker
暖通室,陈杰,chenjiebx,123,feedbacker
暖通室,李欣,liweic,123,feedbacker
暖通室,孙欣,sunminu,123,feedbacker
暖通室,张欣,zhangleiz,123,feedbacker
暖通室,王欣,wangjunba,123,feedbacker
暖通室,赵欣,zhaoliz,123,feedbacker
暖通室,陈杰,chenjieby,123,feedbacker
暖通室,李玥,liweid,123,feedbacker
暖通室,孙玥,sunminv,123,feedbacker
暖通室,张玥,zhangleiaa,123,feedbacker
暖通室,王玥,wangjunbb,123,feedbacker
暖通室,赵玥,zhaoliaa,123,feedbacker
暖通室,陈杰,chenjiebz,123,feedbacker
暖通室,李妍,liweie,123,feedbacker
暖通室,孙妍,sunminw,123,feedbacker
暖通室,张妍,zhangleiab,123,feedbacker
暖通室,王妍,wangjunbc,123,feedbacker
暖通室,赵妍,zhaoliab,123,feedbacker
暖通室,陈杰,chenjieca,123,feedbacker
暖通室,李婷,liweif,123,feedbacker
暖通室,孙婷,sunminx,123,feedbacker
暖通室,张婷,zhangleiac,123,feedbacker
暖通室,王婷,wangjunbd,123,feedbacker
暖通室,赵婷,zhaoliac,123,feedbacker
暖通室,陈杰,chenjiecb,123,feedbacker
暖通室,李雯,liweig,123,feedbacker
暖通室,孙雯,sunminy,123,feedbacker
暖通室,张雯,zhangleiad,123,feedbacker
暖通室,王雯,wangjunbe,123,feedbacker
暖通室,赵雯,zhaoliad,123,feedbacker
暖通室,陈杰,chenjiecc,123,feedbacker